X,Y,gid,name,gods,religion,funding,organize,address,promoter,tel,lng,lat,address_ac,ver,linkplone,main_name,era,geo_kind,countyname,villagenam,townname,data_sourc,t_code,deity_host,era_end,year_accur,deity_comp,registered,icon_url
119.677333998436,23.5787560022045,"13659",?葉將軍廟,將軍爺,taoism,raising,person,澎湖縣湖西鄉?葉村,陳怡然,06-9923115,119.677333998435998,23.578756002204500,,"4",,,,gps,澎湖縣,?葉村,湖西鄉,fieldwork,1602022-GIJJM,{},,,{},,./0.png
119.655502006695,23.5883999981168,"13662",湖西村玉明宮,李府王爺,taoism,private,person,澎湖縣湖西鄉湖西村,,,119.655502006695002,23.588399998116799,,"4",,王爺,,gps,澎湖縣,白坑村,湖西鄉,fieldwork,1602001-YMG,{王爺},,,{},,./0.png
119.662921999206,23.5850249960679,"13675",湖東村土地公廟,福德正神,taoism,raising,person,澎湖縣湖西鄉湖東村,許君潤,06-9922288,119.662921999206006,23.585024996067901,,"4",,土地公,,gps,澎湖縣,南寮村,湖西鄉,fieldwork,1602002-TDGM,{土地公},,,{},,./0.png
119.629686003384,23.6053239997096,"13658",土地公前北極殿,玄天上帝,taoism,raising,person,澎湖縣湖西鄉沙港東村14號,歐春評,06-9211606,119.629686003383995,23.605323999709601,,"4",,玄天上帝,,gps,澎湖縣,沙港村,湖西鄉,fieldwork,1602015-TDGQBJD,{玄天上帝},,,{},,./0.png
119.659334003501,23.5856779961938,"13661",湖西村天后?,天上聖母,taoism,raising,person,澎湖縣湖西鄉湖西村1號,,,119.659334003501002,23.585677996193802,,"4",,天上聖母,"1786",gps,澎湖縣,湖西村,湖西鄉,fieldwork,1602001-HXTHG,{天上聖母},,,{},,./0.png
119.629383001588,23.6045029995251,"13663",沙港東村聖帝殿,關聖帝君,taoism,private,,澎湖縣湖西鄉沙港東村19號,,,119.629383001587996,23.604502999525099,,"4",,關聖帝君,,gps,澎湖縣,沙港村,湖西鄉,fieldwork,1602015-SDD,{關聖帝君},,,{},,./0.png
119.615144999496,23.5992979962416,"13664",西寮代天宮,伍府王爺,taoism,raising,person,澎湖縣湖西鄉中西村28號,薛武吉,06-9274276,119.615144999495996,23.599297996241599,,"4",,王爺,"1821",gps,澎湖縣,中西村,湖西鄉,fieldwork,1602011-XLDTG,{王爺},,,{},,./0.png
119.501339002009,23.5675399979675,"13691",礁南宮,礁角公,,raising,person,澎湖縣西嶼鄉內垵村,,,119.501339002009004,23.567539997967501,,"4",,,,gps,澎湖縣,內垵村,西嶼鄉,fieldwork,1604010-JNG,{},,,{},,./0.png
119.584157971782,23.5576952409774,"11270",柳星君祠,柳星君,taoism,raising,person,澎湖縣馬公市案山里12-3號,鄭榮達,06-9275476.06-9215476,119.584157971782005,23.557695240977399,6.000000000000000,"4",,柳星君,,address,澎湖縣,東文里,馬公市,governmental,1602013-LXJC,{柳星君},,,{},柳星君祠,./0.png
119.566032,23.565404,"11205",福德祠,福德正神,taoism,raising,person,澎湖縣馬公市啟明里仁愛路福德巷3-1號,謝錦宗,宅06-9275719,119.566032000000007,23.565404000000001,6.000000000000000,"4",,土地公,,address,澎湖縣,光明里,馬公市,governmental,1601005-FDC,{土地公},,,{},福德祠,./0.png
119.501152780482,23.5742178333898,"11147",相公宮,文相公,taoism,raising,person,澎湖縣西嶼鄉內垵村226號,呂順意,06-9981865,119.501152780482002,23.574217833389799,9.000000000000000,"4",,,"1949",gps,澎湖縣,內垵村,西嶼鄉,governmental,1604007-XGG,{},,,{},相公宮,./0.png
119.636660999625,23.5617809942784,"11249",隘門村三聖殿,金恩主,taoism,raising,person,澎湖縣湖西鄉隘門村40號,洪清棍,廟06-9212433宅06-9270121,119.636660999624993,23.561780994278401,9.000000000000000,"4",,,"1785",gps,澎湖縣,隘門村,湖西鄉,fieldwork,1602001-SSD,{},,,{},三聖殿,./0.png
119.481928000178,23.5674179968042,"11135",慈航寺,觀音佛祖,buddhism,raising,person,澎湖縣西嶼鄉外垵村29-2號,許歲旺,"寺06-9981554,宅06-9982207",119.481928000178002,23.567417996804199,5.000000000000000,"4",,觀世音菩薩,,gps,澎湖縣,外垵村,西嶼鄉,governmental,1604011-CHS,{觀世音菩薩},,,{},慈航寺,./0.png
119.512036997452,23.5988189972745,"11143",西峰寺,觀音佛祖,buddhism,raising,person,澎湖縣西嶼鄉池東村210號,鍾洪桂秋,"寺06-9981340,宅06-9981780",119.512036997452000,23.598818997274499,9.000000000000000,"4",,觀世音菩薩,"1937",gps,澎湖縣,池東村,西嶼鄉,governmental,1604007-XFS,{觀世音菩薩},,,{},西峰寺,./0.png
119.500580008362,23.3572590055748,"11227",天后宮,天上聖母,taoism,raising,person,澎湖縣望安鄉將軍村36號之17,許龍富,宅06-9902283,119.500580008361993,23.357259005574800,9.000000000000000,"4",,天上聖母,,address,澎湖縣,西安村,望安鄉,governmental,1605001-THG01,{天上聖母},,,{},天后宮,./0.png
119.596303,23.651613,"11128",保定宮,文衡聖帝,taoism,raising,committee,澎湖縣白沙鄉港子村5鄰54-1號,林永世,"廟06-9932325,宅06-9932098",119.596303000000006,23.651613000000001,5.000000000000000,"4",,關聖帝君,,address,澎湖縣,小赤村,白沙鄉,governmental,1603007-BDG,{關聖帝君},,,{},保定宮,./0.png
119.596303,23.651613,"11129",眾安寺,釋迦牟尼佛,buddhism,raising,person,澎湖縣白沙鄉港子村8鄰137-2號,吳祈清,"廟06-9932235,宅06-9932235",119.596303000000006,23.651613000000001,5.000000000000000,"4",,釋迦牟尼佛,,address,澎湖縣,小赤村,白沙鄉,governmental,1603007-ZAS,{釋迦牟尼佛},,,{},眾安寺,./0.png
119.598477,23.62488,"11130",明新宮,文衡聖帝,taoism,raising,person,澎湖縣白沙鄉城前村29之1號,蕭長萬,"廟06-9931081,宅06-9931479",119.598477000000003,23.624880000000001,5.000000000000000,"4",,關聖帝君,,address,澎湖縣,講美村,白沙鄉,governmental,1603003-MXG,{關聖帝君},,,{},明新宮,./0.png
119.521632003183,23.6327039998876,"11140",大義宮,文衡聖帝,taoism,raising,committee,澎湖縣西嶼鄉竹灣村76號,蔡宗正,"廟06-9981154,宅06-9981318",119.521632003183015,23.632703999887600,9.000000000000000,"4",,關聖帝君,"1862",gps,澎湖縣,合界村,西嶼鄉,governmental,1604007-DYG,{關聖帝君},,,{},大義宮,./0.png
119.504876999846,23.5992699984907,"11144",關帝廟,文衡聖帝,taoism,raising,committee,澎湖縣西嶼鄉池西村161-1號,李介仁,"廟06-9981150,宅06-9981131",119.504876999846005,23.599269998490701,9.000000000000000,"4",,關聖帝君,,gps,澎湖縣,池西村,西嶼鄉,governmental,1604007-GDM,{關聖帝君},,,{},關帝廟,./0.png
119.510459002236,23.5828009976603,"11145",西巖寺,觀音佛祖,buddhism,raising,person,澎湖縣西嶼鄉赤馬村146號,蔡茂川,"寺06-9983097,宅06-9981169",119.510459002236004,23.582800997660300,9.000000000000000,"4",,觀世音菩薩,"1905",gps,澎湖縣,赤馬村,西嶼鄉,governmental,1604007-XYS,{觀世音菩薩},,,{},西巖寺,./0.png
119.506596000867,23.5860109996308,"11146",赤樊桃殿,李府王爺,taoism,raising,person,澎湖縣西嶼鄉赤馬村66-1號,蔡得利,"廟06-9981151,宅06-9982609",119.506596000867006,23.586010999630801,9.000000000000000,"4",,王爺,"1662",gps,澎湖縣,池東村,西嶼鄉,governmental,1604007-LWM,{王爺},,,{},李王廟,./0.png
119.528601003876,23.6374169989074,"11150",威揚宮,池府王爺,taoism,raising,person,澎湖縣西嶼鄉合界村5號,楊自在,"廟06-9982435,宅06-9981182",119.528601003876005,23.637416998907401,6.000000000000000,"4",,王爺,,gps,澎湖縣,合界村,西嶼鄉,governmental,1604007-WYG,{王爺},,,{},威揚宮,./0.png
119.593405,23.514744,"11156",上帝廟,真武大帝,taoism,raising,person,澎湖縣馬公市山水里20鄰8號,張貴洲代,"廟06-9952491,宅06-9270456,0937603970",119.593405000000004,23.514744000000000,5.000000000000000,"4",,玄天上帝,,address,澎湖縣,山水里,馬公市,governmental,1601027-SDM,{玄天上帝},,,{},上帝廟,./0.png
119.563932008362,23.5647830055748,"11159",天后宮,媽祖,taoism,raising,committee,澎湖縣馬公市正義街1號,楊國夫,廟06-9262819,119.563932008362002,23.564783005574800,6.000000000000000,"4",,天上聖母,,address,澎湖縣,中興里,馬公市,governmental,1601004-THG,{天上聖母},,,{},天后宮,./0.png
119.578911,23.515058,"11174",吳府殿,吳府千歲,taoism,raising,person,澎湖縣馬公市井垵里17號,歐佛銓,"廟06-9952695,宅06-9952017",119.578911000000005,23.515058000000000,5.000000000000000,"4",,王爺,,address,澎湖縣,井垵里,馬公市,governmental,1601030-WFD,{王爺},,,{},吳府殿,./0.png
119.587607,23.526732,"11175",威靈宮,保生大帝,taoism,raising,person,澎湖縣馬公市五德里2鄰65號,歐華生,"廟06-9950459,宅06-9951363",119.587607000000006,23.526731999999999,5.000000000000000,"4",,保生大帝,,address,澎湖縣,五德里,馬公市,governmental,1601029-WLG,{保生大帝},,,{},威靈宮,./0.png
119.593405,23.557875,"11176",朱王廟,朱府王爺,taoism,raising,person,澎湖縣馬公市石泉里4鄰33號,陳有命,"廟06-9213108,宅06-9212468",119.593405000000004,23.557874999999999,5.000000000000000,"4",,王爺,,address,澎湖縣,東衛里,馬公市,governmental,1601020-ZWM01,{王爺},,,{},朱王廟,./0.png
119.571295,23.57715,"11182",光榮里靈光殿,朱府王爺,taoism,raising,committee,澎湖縣馬公市光榮里文光路35巷7號,洪清煌,"廟06-9273476,宅06-9276777",119.571295000000006,23.577150000000000,6.000000000000000,"4",,王爺,,address,澎湖縣,重光里,馬公市,governmental,1601009-GRLLGD,{王爺},,,{},光榮里靈光殿,./0.png
119.564354,23.564105,"11212",景福祠,福德正神,taoism,raising,person,澎湖縣馬公市中央里惠安路25-1號,吳明錚,"廟06-9275446,宅06-9272746",119.564353999999994,23.564105000000001,8.000000000000000,"4",,土地公,,address,澎湖縣,中興里,馬公市,governmental,1601002-JFC,{土地公},,,{},景福祠,./0.png
119.612244,23.746649,"11275",武聖殿,文衡聖帝,taoism,raising,committee,澎湖縣白沙鄉吉貝村4鄰75號,歐禮賢,"廟06-9911048,宅06-9911337",119.612244000000004,23.746649000000001,5.000000000000000,"4",,關聖帝君,,address,澎湖縣,吉貝村,白沙鄉,governmental,1603012-WSD,{關聖帝君},,,{},武聖殿,./0.png
119.599202,23.667179,"11278",龍德宮,哪吒三太子,taoism,raising,committee,澎湖縣白沙鄉赤崁村6鄰119號,鄭春達,"廟06-9931971,宅06-9931413",119.599202000000005,23.667179000000001,5.000000000000000,"4",,中壇元帥,,address,澎湖縣,赤崁村,白沙鄉,governmental,1603008-LDG,{中壇元帥},,,{},龍德宮,./0.png
119.599202,23.632141,"11285",龍德宮,玉皇公主,taoism,raising,committee,澎湖縣白沙鄉講美村8鄰81號,吳正利,"廟06-9932867,宅06-9932163",119.599202000000005,23.632141000000001,5.000000000000000,"4",,玉皇大帝,,address,澎湖縣,講美村,白沙鄉,governmental,1603002-LDG,{玉皇大帝},,,{},龍德宮,./0.png
119.512695998751,23.5911689987514,"13732",大?葉先生公,先生公,,raising,person,澎湖縣西嶼鄉大?葉,鄭趙冬,06-9981170,119.512695998750985,23.591168998751399,,"4",,,,gps,澎湖縣,二崁村,西嶼鄉,fieldwork,1604009-GYXSG,{},,,{},,./0.png
119.512826998751,23.5912399987514,"13733",大?葉有應公,有應公,,private,,澎湖縣西嶼鄉大?葉,,,119.512826998750995,23.591239998751401,,"4",,陰神,,gps,澎湖縣,二崁村,西嶼鄉,fieldwork,1604009-GYYIG,{},,,{},,./0.png
119.501450998111,23.5910339981114,"13734",小池角有應公祠,先生公,,raising,person,澎湖縣西嶼鄉池東村小池角,盧永隆(代),,119.501450998110997,23.591033998111399,,"4",,,,gps,澎湖縣,池西村,西嶼鄉,fieldwork,1604007-YIGC,{},,,{},,./0.png
119.519163001889,23.6472380018886,"13735",小門福德祠,福德正神,taoism,raising,person,澎湖縣西嶼鄉小門村,,,119.519163001888998,23.647238001888599,,"4",,土地公,,gps,澎湖縣,竹灣村,西嶼鄉,fieldwork,1604003-XMFDC,{土地公},,,{},,./0.png
119.501074001889,23.5689780018886,"13736",內垵興善堂,觀音佛祖,,private,person,澎湖縣西嶼鄉內垵村,,,119.501074001888995,23.568978001888599,,"4",,觀世音菩薩,"1966",gps,澎湖縣,內垵村,西嶼鄉,fieldwork,1604010-NAXST,{觀世音菩薩},,,{},,./0.png
119.529427001889,23.6393519981114,"13738",合界聖公廟,聖公爺,,raising,person,澎湖縣西嶼鄉合界村漁駐所西側,楊自在(代),,119.529427001889005,23.639351998111401,,"4",,陰神,,gps,澎湖縣,合界村,西嶼鄉,fieldwork,1604002-HJSGM,{陰神},,,{},,./0.png
119.530966998111,23.6381579981114,"13739",合界福德廟,福德正神,,raising,person,澎湖縣西嶼鄉合界村合界頭78之3號,,,119.530966998110998,23.638157998111399,,"4",,土地公,,gps,澎湖縣,合界村,西嶼鄉,fieldwork,1604002-HJFDM,{土地公},,,{},,./0.png
119.530139018528,23.6389720758957,"13740",合界觀音寺,觀音佛祖,,private,,澎湖縣西嶼鄉合界村,,,119.530139018528004,23.638972075895701,,"4",,觀世音菩薩,,gps,澎湖縣,合界村,西嶼鄉,fieldwork,1604002-GYS,{觀世音菩薩},,,{},,./0.png
119.535727396101,23.6381497615319,"13741",后螺福德廟,福德正神,,raising,person,澎湖縣西嶼鄉合界村后螺,,,119.535727396100995,23.638149761531899,,"4",,土地公,,gps,澎湖縣,合界村,西嶼鄉,fieldwork,1604002-HLFDM,{土地公},,,{},,./0.png
119.522715998111,23.6347089943341,"13742",竹灣夫人媽廟,夫人媽,taoism,raising,person,澎湖縣西嶼鄉竹灣村,蔡丙戊(代),,119.522715998110996,23.634708994334101,,"4",,臨水夫人(單一為主神),"1897",gps,澎湖縣,合界村,西嶼鄉,fieldwork,1604004-ZWFRMM,{臨水夫人(單一為主神)},,,{},,./0.png
119.525028998111,23.6307219981114,"13743",竹灣應善祠,先生公,taoism,raising,person,澎湖縣西嶼鄉竹灣村竹篙灣69之8號,許媽猜、許彩放(代),,119.525028998110997,23.630721998111401,,"4",,,"1931",gps,澎湖縣,合界村,西嶼鄉,fieldwork,1604004-ZWYSC,{},,,{},,./0.png
119.535543001889,23.6347409981114,"13744",橫礁北甲土地公,福德正神,,raising,person,澎湖縣西嶼鄉橫礁村,五天宮廟公,,119.535543001888996,23.634740998111401,,"4",,土地公,,gps,澎湖縣,橫礁村,西嶼鄉,fieldwork,1604001-BJTDG,{土地公},,,{},,./0.png
119.538761005666,23.6338949981114,"13745",橫礁東甲土地公,福德正神,,raising,person,澎湖縣西嶼鄉橫礁村,五天宮廟公,,119.538761005666004,23.633894998111401,,"4",,土地公,,gps,澎湖縣,合界村,西嶼鄉,fieldwork,1604001-DJTDG,{土地公},,,{},,./0.png
119.534891001889,23.6338690018886,"13746",橫礁南甲土地公,福德正神,,raising,person,澎湖縣西嶼鄉橫礁村,五天宮廟公,,119.534891001888994,23.633869001888598,,"4",,土地公,,gps,澎湖縣,橫礁村,西嶼鄉,fieldwork,1604001-NJTDG,{土地公},,,{},,./0.png
119.604163956181,23.5272062322873,"14600",澎湖紫微宮,紫微大帝,taoism,raising,committee,澎湖縣馬公市鎖港里8鄰鎖管港593號,翁?鏡,06-9950639,119.604163956180997,23.527206232287298,,"4",,紫微大帝,,map,澎湖縣,鐵線里,馬公市,governmental,1601028-ZWG,{紫微大帝},,,{},,./0.png
119.655602486673,23.5910365634129,"14606",白坑紫雲宮,觀音佛祖,buddhism,raising,person,澎湖縣湖西鄉白坑村,許天富,06-9921226,,,,"4",,觀世音菩薩,,gps,澎湖縣,白坑村,湖西鄉,fieldwork,1602001-ZYG,{觀世音菩薩},,,{},,./0.png
119.504301033836,23.5968898312647,"13702",福德堂,福德正神,,raising,person,澎湖縣西嶼鄉池西村,,,119.504301033836001,23.596889831264701,,"4",,土地公,,gps,澎湖縣,池西村,西嶼鄉,fieldwork,1604008-FDT,{土地公},,,{},,./0.png
119.600651,23.522673,"11218",財團法人鎖港里北極殿及坤元寺廟會,觀世音菩薩,buddhism,raising,foundation,澎湖縣馬公市鎖港里10鄰1251號,陳興,廟06-9951510、宅06-9950639,119.600650999999999,23.522673000000001,5.000000000000000,"4",,觀世音菩薩,,address,澎湖縣,鎖港里,馬公市,governmental,1601028-CTFRSGLBJDJKYSMH,{觀世音菩薩},,,{},財鎖港里北極殿及坤元寺廟會,./0.png
119.504849000899,23.601656999865,"11138",西中堂,先生公,taoism,raising,person,澎湖縣西嶼鄉池西村,顏黃美珠,06-9981139,119.504849000899014,23.601656999865000,5.000000000000000,"4",,,"1946",gps,澎湖縣,池西村,西嶼鄉,governmental,1604008-XZT,{},,,{},西中堂,./0.png
119.652716004226,23.5837349983546,"13660",湖西大悲寺,觀世音菩薩,buddhism,raising,person,澎湖縣湖西鄉湖西村43-2號,蕭總明,06-9922555,119.652716004225994,23.583734998354601,,"4",,觀世音菩薩,"1984",gps,澎湖縣,湖西村,湖西鄉,fieldwork,1602001-HXDBS,{觀世音菩薩},,,{},,./0.png
119.615283999794,23.5978549988814,"13657",中寮代天宮,伍府王爺,taoism,raising,person,澎湖縣湖西鄉中西村10號,戴世藩,06-9210782,119.615283999794002,23.597854998881399,,"4",,王爺,"1821",gps,澎湖縣,中西村,湖西鄉,fieldwork,1602011-ZLDTG,{王爺},,,{},,./0.png
119.484251551603,23.5645339164508,"13681",老大公祠,先師公,,,,澎湖縣西嶼鄉外垵村4之21號,,,119.484251551602995,23.564533916450799,,"4",,,,gps,澎湖縣,外垵村,西嶼鄉,fieldwork,1604011-LDGC,{},,,{},,./0.png
119.480053851866,23.5683680275228,"13695",魯國大夫廟,巧聖仙師,taoism,raising,committee,澎湖縣西嶼鄉外垵村180號之10,,,119.480053851866003,23.568368027522801,,"4",,巧聖仙師,"1875",gps,澎湖縣,外垵村,西嶼鄉,fieldwork,1604011-LGDFM,{巧聖仙師},,,{},,./0.png
119.495257999827,23.5682099962195,"13690",濟安宮,萬善爺,,raising,person,澎湖縣西嶼鄉內垵村231號,才文信,06-9981285,119.495257999827004,23.568209996219501,,"4",,陰神,"1766",gps,澎湖縣,內垵村,西嶼鄉,fieldwork,1604010-JAG,{陰神},,,{},,./0.png
119.507561004007,23.6049279980649,"13700",北井福德宮,陰陽公,,raising,person,澎湖縣西嶼鄉池西村,,,119.507561004007002,23.604927998064898,,"4",,陰陽公,,gps,澎湖縣,池西村,西嶼鄉,fieldwork,1604008-BJFDG,{陰陽公},,,{},,./0.png
119.483520000681,23.5650660028297,"13693",姑娘廟,仙姑娘,other,raising,person,澎湖縣西嶼鄉外垵村4之12號,董冬桂,06-9981710,119.483520000680997,23.565066002829699,,"4",,,,gps,澎湖縣,外垵村,西嶼鄉,fieldwork,1604011-GNM,{},,,{},,./0.png
119.482494996733,23.5647529978181,"13697",溫王宮,溫王爺,taoism,raising,committee,澎湖縣西嶼鄉外垵村80之1號,李順萬,06-9982902,119.482494996732996,23.564752997818101,,"4",,王爺,"1662",gps,澎湖縣,外垵村,西嶼鄉,fieldwork,1604011-WUG,{王爺},,,{},,./0.png
119.514059001584,23.5827519977023,"13705",赤馬碼頭廟,碼頭公,,raising,person,澎湖縣西嶼鄉赤馬村,,,119.514059001584002,23.582751997702299,,"4",,,,gps,澎湖縣,赤馬村,西嶼鄉,fieldwork,1604009-MTM,{},,,{},,./0.png
119.482031000364,23.5680240006632,"13694",慈航寺山地祖,山地祖,taoism,raising,person,澎湖縣西嶼鄉外垵村,,,119.482031000364003,23.568024000663200,,"4",,,"1970",gps,澎湖縣,外垵村,西嶼鄉,fieldwork,1604011-CHSSDZ,{},,,{},,./0.png
119.478450000738,23.5621869978698,"13692",先師老大宮,先師公,other,raising,person,澎湖縣西嶼鄉外垵村148之21號,呂賜教,,119.478450000737993,23.562186997869802,,"4",,,,gps,澎湖縣,外垵村,西嶼鄉,fieldwork,1604011-XSDLG,{},,,{},,./0.png
119.503975003636,23.599977998647,"13701",西港福德宮,福德正神,,raising,person,澎湖縣西嶼鄉池西村,,,119.503975003636000,23.599977998646999,,"4",,土地公,"1980",gps,澎湖縣,池西村,西嶼鄉,fieldwork,1604008-XGFDG,{土地公},,,{},,./0.png
119.508931000856,23.5971380027956,"13699",公元祠,公元仙祖,,private,person,澎湖縣西嶼鄉池西村,盧佛權,,119.508931000855995,23.597138002795599,,"4",,,,gps,澎湖縣,池東村,西嶼鄉,fieldwork,1604008-GYC,{},,,{},,./0.png
119.505946999032,23.5872939971414,"13703",夫人媽廟,夫人媽,,raising,person,澎湖縣西嶼鄉赤馬村,楊文強,,119.505946999032005,23.587293997141401,,"4",,臨水夫人(單一為主神),,gps,澎湖縣,池東村,西嶼鄉,fieldwork,1604009-FRMM,{臨水夫人(單一為主神)},,,{},,./0.png
119.509151999555,23.5859980000133,"13704",赤馬福德廟,福德正神,,raising,person,澎湖縣西嶼鄉赤馬村103之2號民宅旁,,,119.509151999555002,23.585998000013301,,"4",,土地公,,gps,澎湖縣,池東村,西嶼鄉,fieldwork,1604009-FDM,{土地公},,,{},,./0.png
119.52036399799,23.609215,"13728",二崁後灣叔公,後灣仔叔公,other,raising,person,澎湖縣西嶼鄉二崁村後灣仔,,,119.520363997990003,23.609214999999999,,"4",,,,gps,澎湖縣,二崁村,西嶼鄉,fieldwork,1604006-HWZSG,{},,,{},,./0.png
119.520761998475,23.6068649984753,"13729",二崁福德廟,福德正神,,,,澎湖縣西嶼鄉二崁村,,,119.520761998474995,23.606864998475299,,"4",,土地公,,gps,澎湖縣,二崁村,西嶼鄉,fieldwork,1604006-FDM,{土地公},,,{},,./0.png
119.50356435857,23.6167144438535,"13730",大池福德祠,福德正神,,raising,person,澎湖縣西嶼鄉大池村5號,,,119.503564358570003,23.616714443853500,,"4",,土地公,,gps,澎湖縣,大池村,西嶼鄉,fieldwork,1604005-DCFDC,{土地公},,,{},,./0.png
119.505850650575,23.6164019565589,"13731",大池碼頭福德祠,福德正神,,raising,person,澎湖縣西嶼鄉大池村11之2號,,,119.505850650574999,23.616401956558899,,"4",,土地公,,gps,澎湖縣,大池村,西嶼鄉,fieldwork,1604005-DCMTFDC,{土地公},,,{},,./0.png
119.527991999993,23.6383680018886,"13737",合界夫人媽廟,夫人媽,,raising,person,澎湖縣西嶼鄉合界村205地號,楊自在(代),,119.527991999993006,23.638368001888601,,"4",,臨水夫人(單一為主神),,gps,澎湖縣,合界村,西嶼鄉,fieldwork,1604002-HJFRMM,{臨水夫人(單一為主神)},,,{},,./0.png
119.566144,23.570188,"11161",威靈殿,池府王爺,taoism,raising,person,澎湖縣馬公市重光里55號,陳棟樑代,廟06-9260907.宅06-9274249,119.566143999999994,23.570188000000002,9.000000000000000,"4",,王爺,,address,澎湖縣,中興里,馬公市,governmental,1601007-WLD,{王爺},,,{},威靈殿,./0.png
119.566144,23.570188,"11162",明見寺,釋迦牟尼佛,buddhism,raising,person,澎湖縣馬公市東文里99號,陳春匏,廟06-9212722.,119.566143999999994,23.570188000000002,9.000000000000000,"4",,釋迦牟尼佛,,address,澎湖縣,中興里,馬公市,governmental,1601007-MJS,{釋迦牟尼佛},,,{},明見寺,./0.png
119.566144,23.570188,"11163",萬善廟,萬善爺,taoism,raising,person,澎湖縣馬公市案山里96-60號,鄭榮達,宅06-9212489,119.566143999999994,23.570188000000002,9.000000000000000,"4",,陰神,,address,澎湖縣,中興里,馬公市,governmental,1601007-WSM,{陰神},,,{},萬善廟,./0.png
119.566144,23.570188,"11164",將軍廟,伏魔大將軍,taoism,raising,person,澎湖縣馬公市菜園里7號,黃福志,宅06-9211538,119.566143999999994,23.570188000000002,9.000000000000000,"4",,伏魔大帝,,address,澎湖縣,中興里,馬公市,governmental,1601007-JJM,{伏魔大帝},,,{},將軍廟,./0.png
119.566144008362,23.5701880055748,"11165",天后宮,天上聖母,taoism,raising,person,澎湖縣馬公市東衛里27號,呂永泰,廟06-9217116.宅06-9211177,119.566144008362002,23.570188005574799,9.000000000000000,"4",,天上聖母,,address,澎湖縣,中興里,馬公市,governmental,1601007-THG00,{天上聖母},,,{},天后宮,./0.png
119.566144,23.570188,"11166",海天佛剎,釋迦牟尼佛,buddhism,raising,person,澎湖縣馬公市東衛里171號,釋心舫,廟06-9214213.06-9218888,119.566143999999994,23.570188000000002,9.000000000000000,"4",,釋迦牟尼佛,,address,澎湖縣,中興里,馬公市,governmental,1601007-HTFC,{釋迦牟尼佛},,,{},海天佛剎,./0.png
119.566144,23.570188,"11167",彌陀寺,釋迦牟尼佛,buddhism,private,person,澎湖縣馬公市安宅里150-1號,蔡文生,廟06-9217337,119.566143999999994,23.570188000000002,9.000000000000000,"4",,釋迦牟尼佛,,address,澎湖縣,中興里,馬公市,governmental,1601007-MTS,{釋迦牟尼佛},,,{},彌陀寺,./0.png
119.566144,23.570188,"11168",濟公廟,濟公活佛,ikuantao,raising,committee,澎湖縣馬公市興仁里87-2號,吳德明,宅06-9951516.廟06-9219255,119.566143999999994,23.570188000000002,9.000000000000000,"4",,濟公禪師,,address,澎湖縣,中興里,馬公市,governmental,1601007-JGM,{濟公禪師},,,{},濟公廟,./0.png
119.606950770999,23.5958785870365,"11127",水仙宮,水仙尊王,taoism,raising,committee,澎湖縣白沙鄉大倉村1鄰2號,陳文章,宅06-9932808,119.606950770999006,23.595878587036498,5.000000000000000,"4",,水仙尊王,,address,澎湖縣,中西村,湖西鄉,governmental,1603015-SXG,{水仙尊王},,,{},水仙宮,./0.png
119.597312,23.628289,"11131",代天宮（中寮）,諸府千歲,taoism,raising,person,澎湖縣湖西鄉中西村10號,戴世藩,宅06-9210782,119.597312000000002,23.628288999999999,6.000000000000000,"4",,王爺,,address,澎湖縣,講美村,白沙鄉,governmental,1603003-DTG,{王爺},,,{},代天宮（中寮）,./0.png
119.416481,23.213979,"11125",玉蓮寺,觀音佛祖,taoism,raising,person,澎湖縣七美鄉西湖村6鄰38號,許進徒,"廟06-9971721,宅06-9971627",119.416481000000005,23.213978999999998,5.000000000000000,"4",,觀世音菩薩,,address,澎湖縣,平和村,七美鄉,governmental,1606004-YLS,{觀世音菩薩},,,{},玉蓮寺,./0.png
119.567315,23.528251,"11199",水仙宮,水仙尊王,taoism,raising,person,澎湖縣馬公市蒔裡里24號,吳景旺代,廟06-9951590.宅06-9950568.0919612279,119.567314999999994,23.528251000000001,5.000000000000000,"4",,水仙尊王,,address,澎湖縣,時裡里,馬公市,governmental,1601031-SXG,{水仙尊王},,,{},水仙宮,./0.png
119.567315,23.528251,"11200",普德寺,釋迦牟尼佛,buddhism,raising,person,澎湖縣馬公市蒔裡里15鄰106號,吳明國,廟06-9951351,119.567314999999994,23.528251000000001,5.000000000000000,"4",,釋迦牟尼佛,,address,澎湖縣,時裡里,馬公市,governmental,1601031-PDS,{釋迦牟尼佛},,,{},普德寺,./0.png
119.518746,23.510682,"11210",福海宮,蘇府王爺,taoism,raising,person,澎湖縣馬公市桶盤里29號,鄭其順代,廟06-9291279.宅06-9291264.0956765113,119.518745999999993,23.510681999999999,5.000000000000000,"4",,王爺,,address,澎湖縣,桶盤里,馬公市,governmental,1601034-FHG,{王爺},,,{},福海宮,./0.png
119.510042995672,23.6031379995044,"11152",玄鎮宮,土地公,taoism,raising,person,澎湖縣西嶼鄉池東村,鍾秋玉,06-9983032,119.510042995671995,23.603137999504401,5.000000000000000,"4",,土地公,"1934",gps,澎湖縣,池東村,西嶼鄉,governmental,1604007-XZG,{土地公},,,{},玄鎮宮,./0.png
119.567468,23.573951,"11177",銅山館,關聖帝君,taoism,raising,committee,澎湖縣馬公市復興里民族路25巷25號,孫加祿,廟06-9274204.宅06-9275283,119.567468000000005,23.573951000000001,6.000000000000000,"4",,關聖帝君,,address,澎湖縣,光榮里,馬公市,governmental,1601010-TSG,{關聖帝君},,,{},銅山館,./0.png
119.568081,23.573221,"11178",信願寺,釋迦牟尼佛,buddhism,raising,person,澎湖縣馬公市光明里忠孝路68號,釋心舫,06-9273346.06-9212888,119.568081000000006,23.573221000000000,8.000000000000000,"4",,釋迦牟尼佛,,address,澎湖縣,光榮里,馬公市,governmental,1601010-XYS,{釋迦牟尼佛},,,{},信願寺,./0.png
119.570339,23.569661,"11179",一新社,文衡聖帝,taoism,raising,person,澎湖縣馬公市光復里新村路18號,黃迺俊代,宅06-9275696,119.570339000000004,23.569661000000000,6.000000000000000,"4",,關聖帝君,,address,澎湖縣,光榮里,馬公市,governmental,1601008-YXS,{關聖帝君},,,{},一新社,./0.png
119.570339,23.569661,"11180",法界寺,觀世音菩薩,buddhism,raising,person,澎湖縣馬公市光復里新村路20號,李素珍,廟06-9265825,119.570339000000004,23.569661000000000,6.000000000000000,"4",,觀世音菩薩,,address,澎湖縣,光榮里,馬公市,governmental,1601008-FJS,{觀世音菩薩},,,{},法界寺,./0.png
119.565388,23.566306,"11193",坤儀堂,觀音佛祖,buddhism,raising,person,澎湖縣馬公市長安里中正路93巷11號,鮑美人,廟06-9262526,119.565387999999999,23.566306000000001,6.000000000000000,"4",,觀世音菩薩,,address,澎湖縣,光明里,馬公市,governmental,1601003-KYT,{觀世音菩薩},,,{},坤儀堂,./0.png
119.565388,23.566306,"11194",澄源堂,觀音佛祖,buddhism,raising,person,澎湖縣馬公市長安里中正路9巷24號,蔡百鏘,廟06-9273431.宅06-9272278,119.565387999999999,23.566306000000001,6.000000000000000,"4",,觀世音菩薩,,address,澎湖縣,光明里,馬公市,governmental,1601003-CYT,{觀世音菩薩},,,{},澄源堂,./0.png
119.565719,23.56622,"11195",財澎湖馬公城隍廟,城隍,taoism,raising,foundation,澎湖縣馬公市重慶里光明路8鄰20號,蘇士基,廟06-9273724.宅06-9264351,119.565719000000001,23.566220000000001,6.000000000000000,"4",,城隍,,address,澎湖縣,光明里,馬公市,governmental,1601003-CPHMGCHM,{城隍},,,{},財澎湖馬公城隍廟,./0.png
119.564263,23.567028,"11196",馬公陰陽堂,陰陽公,taoism,raising,person,澎湖縣馬公市復興里民族路56號,黃如亮,廟06-9273659.宅06-9272746,119.564262999999997,23.567028000000001,8.000000000000000,"4",,陰陽公,,address,澎湖縣,光明里,馬公市,governmental,1601003-MGYYT,{陰陽公},,,{},馬公陰陽堂,./0.png
119.588332,23.554213,"11198",朱王廟,朱府王爺,taoism,raising,person,澎湖縣馬公市前寮里8鄰33號,張金?,廟06-9216096.宅06-9212437,119.588331999999994,23.554213000000001,5.000000000000000,"4",,王爺,,address,澎湖縣,石泉里,馬公市,governmental,1601019-ZWM00,{王爺},,,{},朱王廟,./0.png
119.575447,23.571947,"11214",潮音寺,釋迦牟尼佛,buddhism,raising,person,澎湖縣馬公市朝陽里中華路387號,呂,廟06-9272569,119.575446999999997,23.571947000000002,6.000000000000000,"4",,釋迦牟尼佛,,address,澎湖縣,西衛里,馬公市,governmental,1601012-CYS,{釋迦牟尼佛},,,{},潮音寺,./0.png
119.578911,23.552802,"11197",北極殿,真武大帝,taoism,raising,committee,澎湖縣案山里4鄰1號,鄭清發,"廟06-9214502,宅06-9260320",119.578911000000005,23.552802000000000,5.000000000000000,"4",,玄天上帝,,address,澎湖縣,案山里,馬公市,governmental,1601019-BJD,{玄天上帝},,,{},北極殿,./0.png
119.566772,23.56361,"11208",上帝廟,真武大帝,taoism,raising,person,澎湖縣馬公市井垵里1-4號,石開澎,"宅06-9951866,廟06-9950270",119.566772000000000,23.563610000000001,8.000000000000000,"4",,玄天上帝,,address,澎湖縣,中興里,馬公市,governmental,1601005-SDM,{玄天上帝},,,{},上帝廟,./0.png
119.564325,23.563616,"11211",水仙宮,水仙尊王,taoism,raising,person,澎湖縣馬公市中央里中山路6巷9號,吳明錚,"廟06-9275446,宅06-9272746",119.564324999999997,23.563616000000000,8.000000000000000,"4",,水仙尊王,,address,澎湖縣,中興里,馬公市,governmental,1601002-SXG,{水仙尊王},,,{},水仙宮,./0.png
119.61453,23.540572,"11217",城隍廟,城隍尊神,taoism,raising,committee,澎湖縣馬公市西文里25號,辛添榮,宅06-9212242,119.614530000000002,23.540572000000001,6.000000000000000,"4",,城隍,,address,澎湖縣,興仁里,馬公市,governmental,1601025-CHM,{城隍},,,{},城隍廟,./0.png
119.599202,23.632141,"11287",靈應廟,臨水夫人,taoism,raising,person,澎湖縣白沙鄉講美村1鄰,陳傳家,宅06-9931716,119.599202000000005,23.632141000000001,5.000000000000000,"4",,臨水夫人,,address,澎湖縣,講美村,白沙鄉,governmental,1603002-LYM,{臨水夫人},,,{},靈應廟,./0.png
119.578911,23.582457,"11291",宸威殿,真武大帝,taoism,raising,committee,澎湖縣馬公市西衛里12鄰95號,吳文相,廟06-9271347.宅06-9277893,119.578911000000005,23.582457000000002,5.000000000000000,"4",,玄天上帝,,address,澎湖縣,西衛里,馬公市,governmental,1601014-CWD,{玄天上帝},,,{},宸威殿,./0.png
119.54702,23.54325,"11292",風山寺,阿彌陀佛,buddhism,raising,person,澎湖縣馬公市風櫃里3鄰119號,李素珍,廟06-9952158.宅06-9265825,119.547020000000003,23.543250000000000,5.000000000000000,"4",,阿彌陀佛,,address,澎湖縣,風櫃里,馬公市,governmental,1601032-FSS,{阿彌陀佛},,,{},風山寺,./0.png
119.54702,23.54325,"11293",威武金王殿,金府王爺,taoism,raising,person,澎湖縣馬公市風櫃里1鄰108號,顏天賞,廟06-9951430.,119.547020000000003,23.543250000000000,5.000000000000000,"4",,王爺,,address,澎湖縣,風櫃里,馬公市,governmental,1601032-WWJWD,{王爺},,,{},威武金王殿,./0.png
119.507146,23.271648,"11295",華娘廟,武帥,taoism,raising,person,澎湖縣望安鄉西坪村12號之2,陳元地,宅06-9262016,119.507146000000006,23.271647999999999,5.000000000000000,"4",,,,address,澎湖縣,西坪村,望安鄉,governmental,1605007-HNM,{},,,{},華娘廟,./0.png
119.643092996704,23.5627609974487,"11231",林投村鳳凰殿,萬府千歲,taoism,raising,person,澎湖縣湖西鄉林投村13號,吳水量,廟06-9921311宅06-9922158,119.643092996703999,23.562760997448699,6.000000000000000,"4",,王爺,,gps,澎湖縣,林投村,湖西鄉,fieldwork,1602004-FHD,{王爺},,,{},鳳凰殿,./0.png
119.649570000488,23.5969789975762,"11237",青螺村聚善寺,觀世音菩薩,buddhism,raising,person,澎湖縣湖西鄉青螺村24號,李武雄,06-9922666,119.649570000487998,23.596978997576201,9.000000000000000,"4",,觀世音菩薩,"1876",gps,澎湖縣,青螺村,湖西鄉,fieldwork,1602001-JSS,{觀世音菩薩},,,{},聚善寺,./0.png
119.561874,23.567062,"11216",觀音亭,觀世音菩薩,buddhism,raising,person,澎湖縣馬公市中興里介壽路14鄰7號,許鏡上,"廟06-9273615,宅06-9277263",119.561874000000003,23.567062000000000,6.000000000000000,"4",,觀世音菩薩,,address,澎湖縣,新復里,馬公市,governmental,1601001-GYT,{觀世音菩薩},,,{},觀音亭,./0.png
119.578184,23.567792,"11215",澎湖公廟三官殿,三官大帝,taoism,raising,committee,澎湖縣馬公市陽明里新生路195號,朱茂林,廟06-9279065.宅06-9276816,119.578183999999993,23.567792000000001,6.000000000000000,"4",,三官大帝,,address,澎湖縣,朝陽里,馬公市,governmental,1601012-PHGMSGD,{三官大帝},,,{},澎湖公廟三官殿,./0.png
119.517756001333,23.6519140034539,"11290",震義宮,溫府王爺,taoism,raising,person,澎湖縣西嶼鄉小門村19號,許丁款,06-9983183,119.517756001332998,23.651914003453900,5.000000000000000,"4",,王爺,"1879",gps,澎湖縣,小門村,西嶼鄉,governmental,1604003-ZYG,{王爺},,,{},震義宮,./0.png
119.50058,23.357259,"11220",仙史宮,伍恩主公,taoism,raising,person,澎湖縣望安鄉東安村22號,陳清香,宅06-9991205,119.500579999999999,23.357258999999999,9.000000000000000,"4",,關聖帝君,,address,澎湖縣,西安村,望安鄉,governmental,1605001-XSG,{關聖帝君},,,{},仙史宮,./0.png
119.50058,23.357259,"11225",公祖廟,蕭府公祖,taoism,raising,person,澎湖縣望安鄉中社村125號,陳會,宅06-9272902,119.500579999999999,23.357258999999999,9.000000000000000,"4",,,,address,澎湖縣,西安村,望安鄉,governmental,1605001-GZM,{},,,{},公祖廟,./0.png
119.50058,23.357259,"11228",永安宮,郝府王爺,taoism,raising,person,澎湖縣望安鄉將軍村8號,陳明村,宅06-9902283,119.500579999999999,23.357258999999999,9.000000000000000,"4",,王爺,,address,澎湖縣,西安村,望安鄉,governmental,1605001-YAG,{王爺},,,{},永安宮,./0.png
119.50058,23.357259,"11230",鎮南廟,蔡府王爺,taoism,raising,person,澎湖縣望安鄉水垵村1-6號,王富裕,宅06-9981450,119.500579999999999,23.357258999999999,9.000000000000000,"4",,王爺,,address,澎湖縣,西安村,望安鄉,governmental,1605001-ZNM,{王爺},,,{},鎮南廟,./0.png
119.596303,23.643527,"11289",福安宮,哪吒三太子,taoism,raising,person,澎湖縣白沙鄉鎮海村1鄰6號,陳文淵,宅06-9932621,119.596303000000006,23.643526999999999,5.000000000000000,"4",,中壇元帥,,address,澎湖縣,港子村,白沙鄉,governmental,1603004-FAG,{中壇元帥},,,{},福安宮,./0.png
119.523707998453,23.636631997481,"11151",大德廟,真君,taoism,raising,person,澎湖縣西嶼鄉竹灣村3號,蔡清帝,06-9981072,119.523707998453006,23.636631997481000,6.000000000000000,"4",,,"1953",gps,澎湖縣,合界村,西嶼鄉,governmental,1604007-DDM,{},,,{},大德廟,./0.png
119.424462,23.202226,"11126",吳府宮,吳必力,buddhism,raising,committee,澎湖縣七美鄉海豐村1鄰下宮6號,陳萬允,"廟06-9971166,宅06-9971052",119.424462000000005,23.202226000000000,5.000000000000000,"4",,,,address,澎湖縣,平和村,七美鄉,governmental,1606005-WFG,{},,,{},吳府宮,./0.png
119.50058,23.357259,"11229",將軍廟,本府將軍,taoism,raising,person,澎湖縣望安鄉將軍村36號,葉明縣,"宅06-9271099;宅06-9902002",119.500579999999999,23.357258999999999,9.000000000000000,"4",,,,address,澎湖縣,西安村,望安鄉,governmental,1605001-JJM,{},,,{},將軍廟,./0.png
119.53744900061,23.6351629995702,"11139",五天宮,五天聖帝,taoism,raising,person,澎湖縣西嶼鄉橫礁村10號,莊頂實,06-9981665,119.537449000609996,23.635162999570198,9.000000000000000,"4",,,,gps,澎湖縣,橫礁村,西嶼鄉,governmental,1604007-WTG,{},,,{},五天宮,./0.png
119.560067,23.66052,"11282",保安宮,康府千歲,taoism,raising,person,澎湖縣白沙鄉通梁村68之1號,謝瑞成,廟06-9932175,119.560067000000004,23.660520000000002,5.000000000000000,"4",,王爺,,address,澎湖縣,後寮村,白沙鄉,governmental,1603011-BAG,{王爺},,,{},保安宮,./0.png
119.633255,23.648611,"11133",龍興宮,哪吒三太子,taoism,raising,person,澎湖縣白沙鄉員貝村1鄰10-2號,王丁欽,宅06-9932720,119.633255000000005,23.648610999999999,5.000000000000000,"4",,中壇元帥,,address,澎湖縣,員貝村,白沙鄉,governmental,1603014-LXG,{中壇元帥},,,{},龍興宮,./0.png
119.432442,23.206669,"11123",黃德宮,黃玉泰,taoism,raising,person,澎湖縣七美鄉中和村6鄰22-2號,鍾石棟,"廟06-9971080,宅06-9971075",119.432441999999995,23.206669000000002,5.000000000000000,"4",,,,address,澎湖縣,西湖村,七美鄉,governmental,1606003-HDG,{},,,{},黃德宮,./0.png
119.577462,23.667675,"11132",威靈宮,保生大帝,taoism,raising,person,澎湖縣白沙鄉後寮村15鄰45-1號,許文忠,"廟06-9931043,宅06-9931329",119.577461999999997,23.667674999999999,5.000000000000000,"4",,保生大帝,,address,澎湖縣,後寮村,白沙鄉,governmental,1603010-WLG,{保生大帝},,,{},威靈宮,./0.png
119.566144,23.570188,"11169",祖師廟,清水祖師,taoism,raising,person,澎湖縣馬公市鐵線里5號,蔡重龍,廟06-9950491.宅06-9951973,119.566143999999994,23.570188000000002,9.000000000000000,"4",,清水祖師,,address,澎湖縣,中興里,馬公市,governmental,1601007-ZSM,{清水祖師},,,{},祖師廟,./0.png
119.566144,23.570188,"11170",流水亨通三官廟,三官大帝,taoism,raising,person,澎湖縣馬公市風櫃里2-1號,顏丁寧,宅06-9952120.廟06-9952834,119.566143999999994,23.570188000000002,9.000000000000000,"4",,三官大帝,,address,澎湖縣,中興里,馬公市,governmental,1601007-LSHTSGM,{三官大帝},,,{},流水亨通三官廟,./0.png
119.566144,23.570188,"11171",周王廟,周府王爺,taoism,raising,committee,澎湖縣馬公市安宅里8號,李百順,06-9260658,119.566143999999994,23.570188000000002,9.000000000000000,"4",,王爺,,address,澎湖縣,中興里,馬公市,governmental,1601007-ZWM,{王爺},,,{},周王廟,./0.png
119.566144008362,23.5701880055748,"11172",天后宮,天上聖母,taoism,raising,person,澎湖縣湖西鄉湖西村1號,辛長榮,廟06-9923436.宅06-9922369,119.566144008362002,23.570188005574799,9.000000000000000,"4",,天上聖母,,address,澎湖縣,中興里,馬公市,governmental,1601007-THG01,{天上聖母},,,{},天后宮,./0.png
119.566144,23.570188,"11173",大悲寺,觀音菩薩,buddhism,raising,person,澎湖縣湖西鄉湖西村43-1號,蕭總明,廟06-9922555.宅06-9922555,119.566143999999994,23.570188000000002,9.000000000000000,"4",,觀世音菩薩,,address,澎湖縣,中興里,馬公市,governmental,1601007-DBS,{觀世音菩薩},,,{},大悲寺,./0.png
119.526722,23.490826,"11191",大音宮,觀音佛祖,buddhism,raising,person,澎湖縣馬公市虎井里1鄰5號,陳邦連,"932066764",119.526722000000007,23.490825999999998,5.000000000000000,"4",,觀世音菩薩,,address,澎湖縣,虎井里,馬公市,governmental,1601033-DYG,{觀世音菩薩},,,{},大音宮,./0.png
119.565105,23.565031,"11158",北辰宮,朱府王爺,taoism,raising,person,澎湖縣馬公市長安里中正路7巷4號,方榮全,"廟06-9271181,宅06-9270572.店06-9273492",119.565105000000003,23.565031000000001,8.000000000000000,"4",,王爺,,address,澎湖縣,中興里,馬公市,governmental,1601004-BCG,{王爺},,,{},北辰宮,./0.png
119.56423,23.564566,"11160",施公祠,天仙府大帝,taoism,raising,person,澎湖縣馬公市中央街1巷10號,項宗信,宅06-9265178,119.564229999999995,23.564565999999999,8.000000000000000,"4",,,,address,澎湖縣,中興里,馬公市,governmental,1601004-SGC,{},,,{},施公祠,./0.png
119.6021,23.556065,"11181",東安宮,朱府王爺,taoism,raising,person,澎湖縣馬公市菜園里7鄰46號,黃福志,廟06-9214442.宅06-9211538,119.602099999999993,23.556065000000000,5.000000000000000,"4",,王爺,,address,澎湖縣,東衛里,馬公市,governmental,1601018-DAG,{王爺},,,{},東安宮,./0.png
119.571823,23.57355,"11183",武聖廟,關聖帝君,taoism,raising,person,澎湖縣馬公市朝陽里陽明路30號,王鏡芳,廟06-9277648.宅06-9215758,119.571822999999995,23.573550000000001,6.000000000000000,"4",,關聖帝君,,address,澎湖縣,重光里,馬公市,governmental,1601009-WSM,{關聖帝君},,,{},武聖廟,./0.png
119.572441,23.577411,"11184",懋靈殿,朱府王爺,taoism,raising,person,澎湖縣馬公市興仁里13號,騰照雲,宅06-9262197,119.572440999999998,23.577411000000001,6.000000000000000,"4",,王爺,,address,澎湖縣,重光里,馬公市,governmental,1601009-MLD,{王爺},,,{},懋靈殿,./0.png
119.579842,23.568606,"11185",祖師廟,清水祖師,taoism,raising,committee,澎湖縣馬公市西文里34號,辛添榮,廟06-9210739.宅06-9212242,119.579841999999999,23.568605999999999,9.000000000000000,"4",,清水祖師,,address,澎湖縣,朝陽里,馬公市,governmental,1601015-ZSM,{清水祖師},,,{},祖師廟,./0.png
119.579842,23.568606,"11186",聖真寶殿,文衡聖帝,taoism,raising,committee,澎湖縣馬公市西文里12號,辛添榮,宅06-9212242,119.579841999999999,23.568605999999999,9.000000000000000,"4",,關聖帝君,,address,澎湖縣,朝陽里,馬公市,governmental,1601015-SZBD,{關聖帝君},,,{},聖真寶殿,./0.png
119.579842,23.568606,"11187",天,明明上帝,ikuantao,raising,person,澎湖縣馬公市西文里97-45號,姚武年,廟06-9212848.宅06-9211863,119.579841999999999,23.568605999999999,9.000000000000000,"4",,明明上帝,,address,澎湖縣,朝陽里,馬公市,governmental,1601015-T,{明明上帝},,,{},天,./0.png
119.593405,23.514744,"11157",西佛寺,釋迦牟尼佛,buddhism,raising,person,澎湖縣馬公市山水里120-1號,陳清平,"廟06-9952762,宅06-9951830",119.593405000000004,23.514744000000000,5.000000000000000,"4",,釋迦牟尼佛,,address,澎湖縣,山水里,馬公市,governmental,1601027-XFS,{釋迦牟尼佛},,,{},西佛寺,./0.png
119.623837,23.550192,"11202",法藏寺,阿彌陀佛,buddhism,raising,person,澎湖縣馬公市烏崁里136號,楊金泉,廟06-9216550,119.623836999999995,23.550191999999999,5.000000000000000,"4",,阿彌陀佛,,address,澎湖縣,烏崁里,馬公市,governmental,1601024-FCS,{阿彌陀佛},,,{},法藏寺,./0.png
119.587607,23.656123,"11272",武聖廟,文衡聖帝,taoism,raising,person,澎湖縣白沙鄉瓦硐村6鄰72-1號,陳德欽,宅06-9932680,119.587607000000006,23.656123000000001,5.000000000000000,"4",,關聖帝君,,address,澎湖縣,瓦硐村,白沙鄉,governmental,1603009-WSM,{關聖帝君},,,{},武聖廟,./0.png
119.647570997572,23.5989000010712,"11238",青螺村真武殿,真武大帝,taoism,raising,person,澎湖縣湖西鄉青螺村1號,李武雄,宅06-9922666,119.647570997572004,23.598900001071200,9.000000000000000,"4",,玄天上帝,"1872",gps,澎湖縣,青螺村,湖西鄉,fieldwork,1602001-ZWD,{玄天上帝},,,{},真武殿,./0.png
119.658360002169,23.5943969987789,"11239",白坑村玉聖殿,玉皇大帝,taoism,raising,committee,澎湖縣湖西鄉白坑村1號,許天富,廟06-9921226宅06-9923265,119.658360002169005,23.594396998778901,9.000000000000000,"4",,玉皇大帝,"1644",gps,澎湖縣,白坑村,湖西鄉,fieldwork,1602001-YSD,{玉皇大帝},,,{},玉聖殿,./0.png
119.607897,23.614155,"11271",永安宮,關聖帝君,taoism,raising,person,澎湖縣白沙鄉中屯村2鄰12-1號,張石樹,"廟06-9931015,宅06-9932183",119.607896999999994,23.614155000000000,5.000000000000000,"4",,關聖帝君,,address,澎湖縣,中屯村,白沙鄉,governmental,1603001-YAG,{關聖帝君},,,{},永安宮,./0.png
119.5651,23.56353,"11204",海靈殿,蘇府王爺,taoism,raising,committee,澎湖縣馬公市復興里中山路12巷3號,許輝星,廟06-9273162.宅06-9273039,119.565100000000001,23.563530000000000,6.000000000000000,"4",,王爺,,address,澎湖縣,中興里,馬公市,governmental,1601005-HLD,{王爺},,,{},海靈殿,./0.png
119.584709,23.56238,"11189",佛山寺,釋迦牟尼佛,buddhism,raising,person,澎湖縣馬公市東文里東文澳97-10號,鄭來好,廟06-9210577,119.584709000000004,23.562380000000001,5.000000000000000,"4",,釋迦牟尼佛,,address,澎湖縣,西文里,馬公市,governmental,1601016-FSS,{釋迦牟尼佛},,,{},佛山寺,./0.png
119.590242,23.561311,"11190",西寮代天宮,諸府千歲,taoism,raising,person,澎湖縣湖西鄉中西村28號,薛武吉,宅06-9214276,119.590242000000003,23.561311000000000,6.000000000000000,"4",,王爺,,address,澎湖縣,西文里,馬公市,governmental,1601016-XLDTG,{王爺},,,{},西寮代天宮,./0.png
119.565388,23.566306,"11192",太和堂,觀音佛祖,buddhism,private,person,澎湖縣馬公市長安里中正路9巷18號,黃光榮,"921334795",119.565387999999999,23.566306000000001,6.000000000000000,"4",,觀世音菩薩,,address,澎湖縣,光明里,馬公市,governmental,1601003-THT,{觀世音菩薩},,,{},太和堂,./0.png
119.625296954876,23.5532944041116,"11201",靖海宮,文衡聖帝,taoism,raising,committee,澎湖縣馬公市烏崁里72號,洪丙炎,廟06-9213735.宅06-9212818,119.625296954876006,23.553294404111600,5.000000000000000,"4",,關聖帝君,,address,澎湖縣,隘門村,湖西鄉,governmental,1601024-JHG,{關聖帝君},,,{},靖海宮,./0.png
119.5651,23.56353,"11206",提標館,天上聖母,taoism,raising,person,澎湖縣馬公市中央里中山路56號,陳楚材,宅06-9273512,119.565100000000001,23.563530000000000,6.000000000000000,"4",,天上聖母,,address,澎湖縣,中興里,馬公市,governmental,1601005-TBG,{天上聖母},,,{},提標館,./0.png
119.565924,23.564916,"11207",北極殿,玄天上帝,taoism,raising,committee,澎湖縣馬公市啟明里啟明街2號,林清河,廟06-9272368.宅06-9274066,119.565923999999995,23.564916000000000,6.000000000000000,"4",,玄天上帝,,address,澎湖縣,中興里,馬公市,governmental,1601005-BJD,{玄天上帝},,,{},北極殿,./0.png
119.567165,23.563625,"11209",朝陽祠,洪先生公,taoism,raising,person,澎湖縣馬公市重慶里民權路88-2號,王福祥,宅06-9272087,119.567165000000003,23.563624999999998,8.000000000000000,"4",,,,address,澎湖縣,中興里,馬公市,governmental,1601005-ZYC,{},,,{},朝陽祠,./0.png
119.50058,23.357259,"11221",中宮廟,蘇府王爺,taoism,raising,person,澎湖縣望安鄉東安村104號,朱秀吉,宅06-9991201,119.500579999999999,23.357258999999999,9.000000000000000,"4",,王爺,,address,澎湖縣,西安村,望安鄉,governmental,1605001-ZGM,{王爺},,,{},中宮廟,./0.png
119.50058,23.357259,"11222",后寮宮,吳府王爺,taoism,raising,person,澎湖縣望安鄉西安村17號,許輝博,宅06-9991242,119.500579999999999,23.357258999999999,9.000000000000000,"4",,王爺,,address,澎湖縣,西安村,望安鄉,governmental,1605001-HLG,{王爺},,,{},后寮宮,./0.png
119.500580008362,23.3572590055748,"11223",天后宮,天上聖母,taoism,raising,person,澎湖縣望安鄉西安村120號,陳英雄,宅07-3411626,119.500580008361993,23.357259005574800,9.000000000000000,"4",,天上聖母,,address,澎湖縣,西安村,望安鄉,governmental,1605001-THG00,{天上聖母},,,{},天后宮,./0.png
119.50058,23.357259,"11224",五府千歲廟,酈府王爺,taoism,raising,person,澎湖縣望安鄉中社村61號,陳會,宅06-9272902,119.500579999999999,23.357258999999999,9.000000000000000,"4",,王爺,,address,澎湖縣,西安村,望安鄉,governmental,1605001-WFQSM,{王爺},,,{},五府千歲廟,./0.png
119.50058,23.357259,"11226",李王宮,李府王爺,taoism,raising,person,澎湖縣望安鄉水垵村94號,王富裕,宅06-9991450,119.500579999999999,23.357258999999999,9.000000000000000,"4",,王爺,,address,澎湖縣,西安村,望安鄉,governmental,1605001-LWG,{王爺},,,{},李王宮,./0.png
119.668714000897,23.5859509986713,"11240",南寮村保寧宮,保生大帝,taoism,raising,person,澎湖縣湖西鄉南寮村130號,趙有德,廟06-9923120宅06-9920300,119.668714000896998,23.585950998671301,9.000000000000000,"4",,保生大帝,"1639",gps,澎湖縣,北寮村,湖西鄉,fieldwork,1602001-BNG,{保生大帝},,,{},保寧宮,./0.png
119.587607,23.656123,"11273",南天廟,文衡聖帝,taoism,raising,person,澎湖縣白沙鄉瓦硐村1鄰40-1號,鄭水來,宅06-9931617,119.587607000000006,23.656123000000001,5.000000000000000,"4",,關聖帝君,,address,澎湖縣,瓦硐村,白沙鄉,governmental,1603009-NTM,{關聖帝君},,,{},南天廟,./0.png
119.612244,23.746649,"11276",福德廟,福德正神,taoism,raising,person,澎湖縣白沙鄉吉貝村2鄰8-2號,莊永志,宅06-9911337,119.612244000000004,23.746649000000001,5.000000000000000,"4",,土地公,,address,澎湖縣,吉貝村,白沙鄉,governmental,1603012-FDM,{土地公},,,{},福德廟,./0.png
119.612244,23.746649,"11277",普濟寺,三寶佛,buddhism,raising,person,澎湖縣白沙鄉吉貝村15鄰142-5號,陳歐美仁,宅06-9911252,119.612244000000004,23.746649000000001,5.000000000000000,"4",,三寶佛,,address,澎湖縣,吉貝村,白沙鄉,governmental,1603012-PJS,{三寶佛},,,{},普濟寺,./0.png
119.599202,23.667179,"11279",文衡聖帝殿,文衡聖帝,taoism,raising,person,澎湖縣白沙鄉赤崁村12鄰183號,楊其旭,宅06-9931369,119.599202000000005,23.667179000000001,5.000000000000000,"4",,關聖帝君,,address,澎湖縣,赤崁村,白沙鄉,governmental,1603008-WHSDD,{關聖帝君},,,{},文衡聖帝殿,./0.png
119.663678,23.663801,"11283",福德宮,岳府王爺,taoism,raising,committee,澎湖縣白沙鄉鳥嶼村5鄰121號,鄭清吉,宅06-9916146,119.663678000000004,23.663800999999999,5.000000000000000,"4",,岳武穆王,,address,澎湖縣,鳥嶼村,白沙鄉,governmental,1603013-FDG,{岳武穆王},,,{},福德宮,./0.png
119.663678,23.663801,"11284",玉嵐寺,觀世音,buddhism,raising,person,澎湖縣白沙鄉鳥嶼村7鄰172-1號,林明球,宅06-9266658,119.663678000000004,23.663800999999999,5.000000000000000,"4",,觀世音菩薩,,address,澎湖縣,鳥嶼村,白沙鄉,governmental,1603013-YLS,{觀世音菩薩},,,{},玉嵐寺,./0.png
119.595909,23.632338,"11286",蜩鳴宮,溫府王爺,taoism,raising,person,澎湖縣白沙鄉小赤崁村2鄰11-1號,呂明強,宅06-9933371,119.595909000000006,23.632338000000001,9.000000000000000,"4",,王爺,,address,澎湖縣,講美村,白沙鄉,governmental,1603002-TMG,{王爺},,,{},蜩鳴宮,./0.png
119.54702,23.54325,"11294",溫王殿,溫王爺,taoism,raising,person,澎湖縣馬公市風櫃里九鄰60-3號,顏丁寧,廟06-9952490.宅06-9952120,119.547020000000003,23.543250000000000,5.000000000000000,"4",,王爺,,address,澎湖縣,風櫃里,馬公市,governmental,1601032-WWD,{王爺},,,{},溫王殿,./0.png
119.668748,23.251164,"11296",啟明宮,徐府王爺,taoism,raising,person,澎湖縣望安鄉東吉村72號,許志雄,宅06-9991143,119.668747999999994,23.251163999999999,5.000000000000000,"4",,王爺,,address,澎湖縣,東吉村,望安鄉,governmental,1605008-QMG,{王爺},,,{},啟明宮,./0.png
119.515846,23.25907,"11297",蕭府廟,蕭府王爺,taoism,raising,person,澎湖縣望安鄉東坪村46號之1,呂鴻生,宅06-9278815,119.515845999999996,23.259070000000001,5.000000000000000,"4",,王爺,,address,澎湖縣,東坪村,望安鄉,governmental,1605006-XFM,{王爺},,,{},蕭府廟,./0.png
119.320679,23.403694,"11298",天湖宮,李王爺,taoism,raising,person,澎湖縣望安鄉花嶼村92號,劉文堂,宅06-9991721,119.320678999999998,23.403694000000002,5.000000000000000,"4",,王爺,,address,澎湖縣,花嶼村,望安鄉,governmental,1605009-THG,{王爺},,,{},天湖宮,./0.png
119.612244,23.746649,"11274",觀音寺,觀音菩薩,buddhism,raising,person,澎湖縣白沙鄉吉貝村20鄰177號,歐禮賢,"廟06-9911476,宅06-9911076",119.612244000000004,23.746649000000001,5.000000000000000,"4",,觀世音菩薩,,address,澎湖縣,吉貝村,白沙鄉,governmental,1603012-GYS,{觀世音菩薩},,,{},觀音寺,./0.png
119.560067,23.66052,"11281",玉皇九聖宮,玉皇大天尊,taoism,raising,person,澎湖縣白沙鄉通梁村119之1號,謝高阿玉,宅06-9263107,119.560067000000004,23.660520000000002,5.000000000000000,"4",,玉皇大帝,,address,澎湖縣,後寮村,白沙鄉,governmental,1603011-YHJSG,{玉皇大帝},,,{},玉皇九聖宮,./0.png
119.594854,23.664044,"11280",鳳儀宮,蘇府王爺,taoism,raising,person,澎湖縣白沙鄉歧頭村45之2號,陳志勇,廟06-9932516,119.594853999999998,23.664044000000001,4.000000000000000,"4",,王爺,,address,澎湖縣,赤崁村,白沙鄉,governmental,1603008-FYG,{王爺},,,{},鳳儀宮,./0.png
119.692558081875,23.5590029675018,"11300",龍門村福德廟,土地公,taoism,raising,person,澎湖縣湖西鄉龍門村,林正男,06-9921857,119.692558081875006,23.559002967501801,5.000000000000000,"4",,土地公,"1983",gps,澎湖縣,龍門村,湖西鄉,fieldwork,1602021-FDM,{土地公},,,{},福德廟,./0.png
119.506739998895,23.6161219976733,"11141",治安宮,玄天上帝,taoism,raising,person,澎湖縣西嶼鄉大池村27號,顏進興,廟06-9982841宅06-9981612,119.506739998895014,23.616121997673300,9.000000000000000,"4",,玄天上帝,"1934",gps,澎湖縣,大池村,西嶼鄉,governmental,1604007-ZAG,{玄天上帝},,,{},治安宮,./0.png
119.584709,23.56238,"11188",溫極殿,溫府王爺,taoism,raising,person,澎湖縣馬公市東文里18鄰80號,蔡炎發,宅06-9214213.廟06-9212722,119.584709000000004,23.562380000000001,5.000000000000000,"4",,王爺,,address,澎湖縣,西文里,馬公市,governmental,1601016-WJD,{王爺},,,{},溫極殿,./0.png
119.575447,23.571947,"11213",菩提寺,釋迦牟尼佛,buddhism,raising,person,澎湖縣馬公市朝陽里中華路200巷10號,林愛琴,廟06-9270270,119.575446999999997,23.571947000000002,6.000000000000000,"4",,釋迦牟尼佛,,address,澎湖縣,西衛里,馬公市,governmental,1601012-PTS,{釋迦牟尼佛},,,{},菩提寺,./0.png
119.42463,23.206784,"11124",城隍廟,城隍,taoism,raising,person,澎湖縣七美鄉東湖村10號,許進徒,"廟06-9971784,宅06-9971160",119.424629999999993,23.206783999999999,9.000000000000000,"4",,城隍,,address,澎湖縣,西湖村,七美鄉,governmental,1606003-CHM,{城隍},,,{},城隍廟,./0.png
119.599202,23.632141,"11288",保安宮,保生大帝,taoism,raising,person,澎湖縣白沙鄉講美村11鄰100-3號,吳仲箎,宅06-9931122,119.599202000000005,23.632141000000001,5.000000000000000,"4",,保生大帝,,address,澎湖縣,講美村,白沙鄉,governmental,1603002-BAG,{保生大帝},,,{},保安宮,./0.png
119.519853001263,23.6336389991647,"11153",上帝廟,玄天上帝,taoism,raising,person,澎湖縣西嶼鄉竹灣村,蔡宗正,06-9981318,119.519853001263002,23.633638999164699,5.000000000000000,"4",,玄天上帝,"1891",gps,澎湖縣,合界村,西嶼鄉,governmental,1604004-SDM,{玄天上帝},,,{},上帝廟,./0.png
119.519613002671,23.6056399980407,"11142",二興宮,邱王爺,taoism,raising,person,澎湖縣西嶼鄉二崁村23號,陳福來,"廟06-9981103,宅06-9982875",119.519613002670994,23.605639998040701,9.000000000000000,"4",,王爺,"1919",gps,澎湖縣,二崁村,西嶼鄉,governmental,1604007-EXG,{王爺},,,{},二興宮,./0.png
119.501898998532,23.5749539992841,"11134",夫人媽宮,夫人媽,taoism,raising,person,澎湖縣西嶼鄉內垵村,楊清喜,06-9981829,119.501898998531999,23.574953999284102,5.000000000000000,"4",,臨水夫人（單一為主神）,"1865",gps,澎湖縣,赤馬村,西嶼鄉,governmental,1604010-FRMG,{臨水夫人(單一為主神)},,,{},夫人媽宮,./0.png
119.534243000435,23.6374699973237,"11136",龍慶宮,關帝聖君,taoism,raising,person,澎湖縣西嶼鄉合界村后螺1號,陳主,06-9981349,119.534243000434998,23.637469997323699,5.000000000000000,"4",,關聖帝君,"1926",gps,澎湖縣,合界村,西嶼鄉,governmental,1604002-LQG,{關聖帝君},,,{},龍慶宮,./0.png
119.528065999521,23.6384729972136,"11137",良君廟,良君爺.土地公,taoism,raising,person,澎湖縣西嶼鄉合界村,楊神乞,06-998104,119.528065999521004,23.638472997213601,5.000000000000000,"4",,土地公,,gps,澎湖縣,合界村,西嶼鄉,governmental,1604002-LJM,{土地公},,,{},良君廟,./0.png
119.523649997339,23.6317929981628,"11155",正德廟,土地公,taoism,raising,person,澎湖縣西嶼鄉竹灣村,許進清,06-9981819,119.523649997339007,23.631792998162801,5.000000000000000,"4",,土地公,,gps,澎湖縣,合界村,西嶼鄉,governmental,1604004-ZDM,{土地公},,,{},正德廟,./0.png
119.60805099852,23.5867479981118,"11234",許家村港元寺,觀音菩薩,buddhism,raising,person,澎湖縣湖西鄉許家村25-1號,許高跳,廟06-9218328宅06-9212871,119.608050998520000,23.586747998111800,5.000000000000000,"4",,觀世音菩薩,,gps,澎湖縣,潭邊村,湖西鄉,fieldwork,1602014-GYS,{觀世音菩薩},,,{},港元寺,./0.png
119.676858996244,23.5761019995094,"11242",?葉村靈法寺,釋迦牟尼佛,buddhism,raising,person,澎湖縣湖西鄉果葉村161號,許來儉,廟06-9921954宅06-9921954,119.676858996243993,23.576101999509401,9.000000000000000,"4",,釋迦牟尼佛,"1959",gps,澎湖縣,?葉村,湖西鄉,fieldwork,1602001-LFS,{釋迦牟尼佛},,,{},靈法寺,./0.png
119.670526993591,23.5970789983033,"11241",北寮村保安宮,保生大帝,taoism,raising,person,澎湖縣湖西鄉北寮村40號,洪清泉,廟06-9923569宅06-9922569,119.670526993590997,23.597078998303299,9.000000000000000,"4",,保生大帝,"1746",gps,澎湖縣,北寮村,湖西鄉,fieldwork,1602001-BAG,{保生大帝},,,{},保安宮,./0.png
119.679368999735,23.5780729943575,"11243",?葉村聖帝廟,關聖帝君,taoism,raising,person,澎湖縣湖西鄉果葉村102號,陳怡然,廟06-9923115宅06-9923115,119.679368999735004,23.578072994357498,9.000000000000000,"4",,關聖帝君,"1723",gps,澎湖縣,?葉村,湖西鄉,fieldwork,1602001-SDM00,{關聖帝君},,,{},聖帝廟,./0.png
119.679184999009,23.5806719959854,"11244",?葉村北極殿,真武大帝,taoism,raising,person,澎湖縣湖西鄉?葉村1號,許德仕,廟06-9923596宅0921589816,119.679184999008996,23.580671995985401,9.000000000000000,"4",,玄天上帝,"1936",gps,澎湖縣,?葉村,湖西鄉,fieldwork,1602001-BJD03,{玄天上帝},,,{},北極殿,./0.png
119.669018998105,23.5644270010195,"11247",尖山村有應廟,有應公,taoism,raising,person,澎湖縣湖西鄉尖山村1-2號,王東清,06-9922903,119.669018998105003,23.564427001019499,9.000000000000000,"4",,陰神,"1981",gps,澎湖縣,龍門村,湖西鄉,fieldwork,1602001-YYM,{陰神},,,{},有應廟,./0.png
119.672302993744,23.5638050015447,"11245",龍門村安良廟,李府王爺,taoism,raising,person,澎湖縣湖西鄉龍門村99號,洪金殿,06-9923811,119.672302993743997,23.563805001544701,9.000000000000000,"4",,王爺,"1712",gps,澎湖縣,龍門村,湖西鄉,fieldwork,1602001-ALM,{王爺},,,{},安良廟,./0.png
119.674957003052,23.5623689960939,"11246",龍門村觀音宮,觀世音菩薩,buddhism,raising,person,澎湖縣湖西鄉龍門村120號,歐榮璨,06-9923811,119.674957003052000,23.562368996093898,9.000000000000000,"4",,觀世音菩薩,"1736",gps,澎湖縣,龍門村,湖西鄉,fieldwork,1602001-GYG,{觀世音菩薩},,,{},觀音宮,./0.png
119.662187998404,23.5699009949195,"11248",尖山村顯濟殿,顯濟靈王,taoism,raising,person,澎湖縣湖西鄉尖山村81號,王河,廟06-9922191宅06-9921954,119.662187998403994,23.569900994919500,9.000000000000000,"4",,廣惠聖王,"1781",gps,澎湖縣,南寮村,湖西鄉,fieldwork,1602001-XJD,{廣惠聖王},,,{},顯濟殿,./0.png
119.622816052409,23.5664082206813,"11251",城北村北極殿,玄天上帝,taoism,raising,person,澎湖縣湖西鄉城北村9號,林光燦,廟06-9215045宅06-9212985,119.622816052408993,23.566408220681300,9.000000000000000,"4",,玄天上帝,"1711",gps,澎湖縣,太武村,湖西鄉,fieldwork,1602001-BJD01,{玄天上帝},,,{},北極殿,./0.png
119.621851001425,23.5698420050864,"11250",城北村圓通寺,釋迦牟尼佛,buddhism,raising,person,澎湖縣湖西鄉城北村2號,林素貞,廟06-9210671宅06-9210671,119.621851001425014,23.569842005086400,9.000000000000000,"4",,釋迦牟尼佛,"1935",gps,澎湖縣,成功村,湖西鄉,fieldwork,1602001-YTS,{釋迦牟尼佛},,,{},圓通寺,./0.png
119.502036361431,23.5717153019163,"11148",內塹宮,池王爺,taoism,raising,person,澎湖縣西嶼鄉內垵村228號,郭清周,"廟06-9981152,宅06-9981361",119.502036361430996,23.571715301916299,9.000000000000000,"4",,王爺,"1701",gps,澎湖縣,內垵村,西嶼鄉,governmental,1604007-CWM,{王爺},,,{},池王廟,./0.png
119.638797996297,23.5837710017494,"11252",西溪村北極殿,玄天上帝,taoism,raising,person,澎湖縣湖西鄉西溪村69號,王福琴暫,06-9922876,119.638797996297015,23.583771001749401,9.000000000000000,"4",,玄天上帝,,gps,澎湖縣,西溪村,湖西鄉,fieldwork,1602001-BJD02,{玄天上帝},,,{},北極殿,./0.png
119.504187001892,23.5710129970107,"11149",慈音寺,觀音佛祖,buddhism,raising,person,澎湖縣西嶼鄉內垵村2-4號,陳源,宅06-9983049,119.504187001892006,23.571012997010701,9.000000000000000,"4",,觀世音菩薩,,gps,澎湖縣,赤馬村,西嶼鄉,governmental,1604007-CYS,{觀世音菩薩},,,{},慈音寺,./0.png
119.63703800103,23.5805069995592,"11253",西溪村西泉寺,觀音菩薩,buddhism,raising,person,澎湖縣湖西鄉西溪村91號,盧金龍,廟06-9922519宅06-9922519,119.637038001030007,23.580506999559201,9.000000000000000,"4",,觀世音菩薩,"1963",gps,澎湖縣,西溪村,湖西鄉,fieldwork,1602001-XQS,{觀世音菩薩},,,{},西泉寺,./0.png
119.518097002856,23.6293990006533,"11154",南甲福德廟,土地公,taoism,raising,person,澎湖縣西嶼鄉竹灣村,陳媽義,06-998121,119.518097002855995,23.629399000653301,5.000000000000000,"4",,土地公,,gps,澎湖縣,竹灣村,西嶼鄉,governmental,1604004-FDM,{土地公},,,{},福德廟,./0.png
119.633254001945,23.572111000599,"11233",太武村玄靈殿,李府王爺,taoism,raising,person,澎湖縣湖西鄉太武村14號,林石蓋,06-9212612,119.633254001945005,23.572111000599001,6.000000000000000,"4",,王爺,"1921",gps,澎湖縣,西溪村,湖西鄉,fieldwork,1602005-XLD,{王爺},,,{},玄靈殿,./0.png
119.623915996628,23.5837939983273,"11232",東石村泰靈殿,諸府千歲,taoism,raising,person,澎湖縣湖西鄉東石村33號,黃仁發,06-9210733,119.623915996628000,23.583793998327302,5.000000000000000,"4",,王爺,"1694",gps,澎湖縣,東石村,湖西鄉,fieldwork,1602010-TLD,{王爺},,,{},泰靈殿,./0.png
119.663051003041,23.5818049986434,"11236",湖東村聖帝廟,關聖帝君,taoism,raising,person,澎湖縣湖西鄉湖東村52號,許君潤,06-9922288,119.663051003041005,23.581804998643399,9.000000000000000,"4",,關聖帝君,"1782",gps,澎湖縣,南寮村,湖西鄉,fieldwork,1602001-SDM01,{關聖帝君},,,{},聖帝廟,./0.png
119.606435999414,23.5870679972237,"11235",許家村真靈殿,保生大帝,taoism,raising,person,澎湖縣湖西鄉許家村46號,許保朝,廟06-9213982宅06-9210246,119.606435999414003,23.587067997223699,5.000000000000000,"4",,保生大帝,"1890",gps,澎湖縣,許家村,湖西鄉,fieldwork,1602014-ZLD,{保生大帝},,,{},真靈殿,./0.png
119.657645155925,23.5834982803892,"11264",城北村福德祠,土地公,taoism,raising,person,澎湖縣湖西鄉城北村2-3號,洪有信,06-9210866,119.657645155924996,23.583498280389200,9.000000000000000,"4",,土地公,,gps,澎湖縣,湖西村,湖西鄉,fieldwork,1602001-FDC,{土地公},,,{},福德祠,./0.png
119.640242006507,23.5845239971315,"11254",西溪村忠勇侯廟,忠勇侯,taoism,raising,person,澎湖縣湖西鄉西溪村1號,王福琴暫代,06-9922876,119.640242006506995,23.584523997131502,9.000000000000000,"4",,義民信仰,,gps,澎湖縣,紅羅村,湖西鄉,fieldwork,1602001-ZYHM,{義民信仰},,,{},忠勇侯廟,./0.png
119.622885997836,23.5804839958018,"11257",成功村天軍殿,趙公明,taoism,raising,person,澎湖縣湖西鄉成功村67號,蕭福壽,廟06-9211617宅06-9213026,119.622885997835994,23.580483995801799,9.000000000000000,"4",,玄壇元帥,"1733",gps,澎湖縣,東石村,湖西鄉,fieldwork,1602001-TJD,{玄壇元帥},,,{},天軍殿,./0.png
119.642994004647,23.5870599954069,"11255",紅羅村北極殿,玄天上帝,taoism,raising,committee,澎湖縣湖西鄉紅羅村31號,洪鐵男,廟06-9921643宅06-9275300,119.642994004646994,23.587059995406900,9.000000000000000,"4",,玄天上帝,"1883",gps,澎湖縣,紅羅村,湖西鄉,fieldwork,1602001-BJD00,{玄天上帝},,,{},北極殿,./0.png
119.643863001823,23.5812389992724,"11256",紅羅村開蠻寺,觀音菩薩,buddhism,raising,person,澎湖縣湖西鄉紅羅村55號,陳玉珠,廟06-9921919宅06-9921919,119.643863001822993,23.581238999272401,9.000000000000000,"4",,觀世音菩薩,"1908",gps,澎湖縣,紅羅村,湖西鄉,fieldwork,1602001-KMS,{觀世音菩薩},,,{},開蠻寺,./0.png
119.606890999611,23.595098000853,"11260",潭邊村水仙宮,水仙尊王,taoism,raising,person,澎湖縣湖西鄉潭邊村30號,陳瑤管,06-9211062,119.606890999610997,23.595098000853000,9.000000000000000,"4",,水仙尊王,"1971",gps,澎湖縣,中西村,湖西鄉,fieldwork,1602001-SXG,{水仙尊王},,,{},水仙宮,./0.png
119.607539240035,23.5946485638106,"11258",潭邊村愛蓮寺,觀音菩薩,buddhism,raising,person,澎湖縣湖西鄉潭邊村47號,洪歐秋情,06-9211031,119.607539240034995,23.594648563810601,9.000000000000000,"4",,觀世音菩薩,"1921",gps,澎湖縣,潭邊村,湖西鄉,fieldwork,1602001-ALS,{觀世音菩薩},,,{},愛蓮寺,./0.png
119.60814900102,23.5945089997864,"11259",潭邊村東明宮,哪吒太子,taoism,raising,person,澎湖縣湖西鄉潭邊村53號,許東額,06-9213953,119.608149001019996,23.594508999786399,9.000000000000000,"4",,中壇元帥,"1797",gps,澎湖縣,潭邊村,湖西鄉,fieldwork,1602001-DMG,{中壇元帥},,,{},東明宮,./0.png
119.679166994533,23.5782119999194,"11265",?葉村閩南臺澎玉皇宮,玉皇大帝,taoism,raising,person,澎湖縣湖西鄉果葉村110-12號,陳鑑,06-9922701,119.679166994533006,23.578211999919400,9.000000000000000,"4",,玉皇大帝,"1979",gps,澎湖縣,?葉村,湖西鄉,fieldwork,1602001-MNTPYHG,{玉皇大帝},,,{},閩南臺澎玉皇宮,./0.png
119.625441994458,23.6065050013192,"11261",沙港村廣聖殿,朱府王爺,taoism,raising,person,澎湖縣湖西鄉沙港村72號,陳得水,06-9272430,119.625441994458001,23.606505001319199,9.000000000000000,"4",,王爺,"1713",gps,澎湖縣,沙港村,湖西鄉,fieldwork,1602001-GSD,{王爺},,,{},廣聖殿,./0.png
119.640499998294,23.5847439973426,"11262",西溪村將軍公廟,將軍公,taoism,raising,person,澎湖縣湖西鄉西溪村1-2號,王福琴,06-9922876,119.640499998294004,23.584743997342599,9.000000000000000,"4",,,,gps,澎湖縣,紅羅村,湖西鄉,fieldwork,1602001-JJGM,{},,,{},將軍公廟,./0.png
119.676557005116,23.5628140000819,"11263",龍門村太白殿,太白金星,taoism,raising,person,澎湖縣湖西鄉龍門村18號,林秋花,廟06-9921256宅06-9921256,119.676557005115995,23.562814000081900,9.000000000000000,"4",,太白金仙,"1947",gps,澎湖縣,龍門村,湖西鄉,fieldwork,1602001-LMTBD,{太白金仙},,,{},龍門太白殿,./0.png
119.616788996264,23.5925470007227,"11266",鼎灣村開帝殿,開天仙帝-神農氏,taoism,raising,person,澎湖縣湖西鄉鼎灣村33號,洪良燦,廟06-9210892宅06-9215269,119.616788996264006,23.592547000722700,5.000000000000000,"4",,五穀仙帝,"1736",gps,澎湖縣,沙港村,湖西鄉,fieldwork,1602013-KDD,{五穀仙帝},,,{},開帝殿,./0.png
119.62084599617,23.6064180017253,"11268",沙港村天后宮,媽祖,taoism,raising,person,澎湖縣湖西鄉沙港村,陳文用,廟06-9213860宅06-9211336,119.620845996170004,23.606418001725299,5.000000000000000,"4",,天上聖母,"1987",gps,澎湖縣,沙港村,湖西鄉,fieldwork,1602013-THG,{天上聖母},,,{},天后宮,./0.png
119.64904699913,23.5652139953587,"11269",林投村善福寺,觀音菩薩,buddhism,raising,person,澎湖縣湖西鄉林投村88-11號,高林冬菊,廟06-9923311宅06-9272205,119.649046999129993,23.565213995358700,6.000000000000000,"4",,觀世音菩薩,"1992",gps,澎湖縣,林投村,湖西鄉,fieldwork,1602013-SFS,{觀世音菩薩},,,{},善福寺,./0.png
119.615279999746,23.5935159997337,"11267",鼎灣村永安宮,真武大帝,taoism,raising,person,澎湖縣湖西鄉鼎灣村69-1號,黃武龍,廟06-9210892宅06-9211586,119.615279999745994,23.593515999733700,5.000000000000000,"4",,玄天上帝,"1961",gps,澎湖縣,中西村,湖西鄉,fieldwork,1602013-YAG,{玄天上帝},,,{},永安宮,./0.png
119.656504000806,23.5656010039104,"11299",尖山村法興寺,釋迦牟尼佛,buddhism,raising,person,澎湖縣湖西鄉尖山村二八之三號,蔡金池,廟06-9922437宅06-9922437,119.656504000805995,23.565601003910398,5.000000000000000,"4",,釋迦牟尼佛,"1980",gps,澎湖縣,尖山村,湖西鄉,fieldwork,1602020-FXS,{釋迦牟尼佛},,,{},法興寺,./0.png
